Clusters,Iris-setosa,Iris-versicolor,Iris-virginica,Entropy,Purity
0,50,3,0,0.3138129641688651,0.9433962264150944
1,0,47,50,0.999309898706868,0.5154639175257731
Total,50,50,50,0.7571009818367737,0.6666666666666665
