Clusters,Iris-setosa,Iris-versicolor,Iris-virginica,Entropy,Purity
0,0,26,1,0.22853814395352803,0.9629629629629629
1,0,0,32,0.0,1.0
2,0,24,17,0.9788698505067785,0.5853658536585366
3,50,0,0,0.0,1.0
Total,50,50,50,0.30869462505015455,0.8799999999999999
