Clusters,Iris-setosa,Iris-versicolor,Iris-virginica,Entropy,Purity
0,0,48,14,0.7706290693639405,0.7741935483870968
1,0,2,36,0.2974722489192897,0.9473684210526315
2,50,0,0,0.0,1.0
Total,50,50,50,0.3938863183966488,0.8933333333333333
